{
  "IsEncrypted": false,
  "Values": {
    "AzureWebJobsStorage": "DefaultEndpointsProtocol=https;AccountName=corporationstorage;AccountKey=9SLPi4Z6jgqqRREcmxtJpJmqEU/zuQm6SonIPNvTr6BB86YAxnRvvq9Mn+/PKT02b5mFsEZnJIRW2Z0x4LmBMw==;BlobEndpoint=https://corporationstorage.blob.core.windows.net/;TableEndpoint=https://corporationstorage.table.core.windows.net/;QueueEndpoint=https://corporationstorage.queue.core.windows.net/;FileEndpoint=https://corporationstorage.file.core.windows.net/",
    "AzureWebJobsDashboard": "DefaultEndpointsProtocol=https;AccountName=corporationstorage;AccountKey=9SLPi4Z6jgqqRREcmxtJpJmqEU/zuQm6SonIPNvTr6BB86YAxnRvvq9Mn+/PKT02b5mFsEZnJIRW2Z0x4LmBMw==;BlobEndpoint=https://corporationstorage.blob.core.windows.net/;TableEndpoint=https://corporationstorage.table.core.windows.net/;QueueEndpoint=https://corporationstorage.queue.core.windows.net/;FileEndpoint=https://corporationstorage.file.core.windows.net/"
  },
  "ConnectionStrings": {
    "SQLConnectionString": "Server=tcp:corpdemoserver.database.windows.net,1433;Initial Catalog=demodb;Persist Security Info=False;User ID=superadmin;Password=Porsche911;MultipleActiveResultSets=False;Encrypt=True;TrustServerCertificate=False;Connection Timeout=30;"
  }
}